Ano,OBJETO.1,OBJETO.2,VALORES PREVISTOS,Janeiro,Fevereiro,Março,Abril,Maio,Junho,Julho,Agosto,Setembro,Outubro,Novembro,Dezembro,Total
2013,08,Outros Benefícios Assistenciais,R$ 0,R$ 0,R$ 0,R$ 0,R$ 0,R$ 0,R$ 0,R$ 0,R$ 0,R$ 0,R$ 0,R$ 0,R$ 0,R$ 0
2013,14,Diárias,R$ 0,R$ 0,R$ 0,R$ 0,R$ 0,R$ 0,R$ 0,R$ 0,R$ 0,R$ 0,R$ 0,R$ 0,R$ 0,R$ 0
2013,30,Material de consumo,R$ 0,R$ 0,R$ 0,R$ 0,R$ 0,R$ 0,R$ 0,R$ 0,R$ 0,R$ 0,R$ 0,R$ 0,R$ 0,R$ 0
2013,31,"Premiaçoes culturais, Art. Cient.Desp.",R$ 0,R$ 0,R$ 0,R$ 0,R$ 0,R$ 0,R$ 0,R$ 0,R$ 0,R$ 0,R$ 0,R$ 0,R$ 0,R$ 0
2013,"32Material,","Material, Bem ou Serv.Dist.Gratuita",R$ 0,R$ 0,R$ 0,R$ 0,R$ 0,R$ 0,R$ 0,R$ 0,R$ 0,R$ 0,R$ 0,R$ 0,R$ 0,R$ 0
2013,33,Passagens e despesas c/ locom.,R$ 0,R$ 0,R$ 0,R$ 0,R$ 0,R$ 0,R$ 0,R$ 0,R$ 0,R$ 0,R$ 0,R$ 0,R$ 0,R$ 0
2013,35Serviço,Serviço de Consultoria,R$ 0,R$ 0,R$ 0,R$ 0,R$ 0,R$ 0,R$ 0,R$ 0,R$ 0,R$ 0,R$ 0,R$ 0,R$ 0,R$ 0
2013,36Outros,Outros Serviços de Terc.P.Física,R$ 0,R$ 0,R$ 0,R$ 0,R$ 0,R$ 0,R$ 0,R$ 0,R$ 0,R$ 0,R$ 0,R$ 0,R$ 0,R$ 0
2013,37,Locação de mão-de-obra,R$ 0,R$ 0,R$ 0,R$ 0,R$ 0,R$ 0,R$ 0,R$ 0,R$ 0,R$ 0,R$ 0,R$ 0,R$ 0,R$ 0
2013,39,Outros Serviços de Terc. PJ,R$ 1306260,R$ 0,R$ 0,R$ 0,R$ 0,R$ 0,R$ 0,R$ 0,R$ 11052,R$ 948,R$ 0,R$ 0,R$ 0,R$ 12000
2013,41,Contribuições,R$ 0,R$ 0,R$ 0,R$ 0,R$ 0,R$ 0,R$ 0,R$ 0,R$ 0,R$ 0,R$ 0,R$ 0,R$ 0,R$ 0
2013,42,Auxílios,R$ 0,R$ 0,R$ 0,R$ 0,R$ 0,R$ 0,R$ 0,R$ 0,R$ 0,R$ 0,R$ 0,R$ 0,R$ 0,R$ 0
2013,46,Auxílio alimentação,R$ 12000,R$ 0,R$ 0,R$ 0,R$ 0,R$ 0,R$ 0,R$ 0,R$ 0,R$ 0,R$ 0,R$ 0,R$ 0,R$ 0
2013,47,Ovrigações Tributárias,R$ 0,R$ 0,R$ 0,R$ 0,R$ 0,R$ 0,R$ 0,R$ 0,R$ 0,R$ 0,R$ 0,R$ 0,R$ 0,R$ 0
2013,51,Obras e Instalações,R$ 2100000,R$ 0,R$ 0,R$ 0,R$ 0,R$ 0,R$ 0,"R$ 247120,27",R$ 0,"R$ 362247,65","R$ 194919,6","R$ 13550,56",R$ 0,"R$ 817838,08"
2013,52,Equipamento e material permanente,R$ 2832125,R$ 0,R$ 0,R$ 0,R$ 0,R$ 75800,"R$ 117512,5",R$ 0,R$ 0,R$ 0,R$ 0,R$ 0,R$ 75800,"R$ 269112,5"
2013,61,Aquisição de Imóveis,R$ 2400000,R$ 0,R$ 0,R$ 0,R$ 0,R$ 0,R$ 0,R$ 0,R$ 0,R$ 0,R$ 0,R$ 0,R$ 0,R$ 0
2013,92,Despesas de exercícios anteriores,,R$ 0,R$ 0,R$ 0,R$ 0,R$ 0,R$ 0,R$ 0,R$ 0,R$ 0,R$ 0,R$ 0,R$ 0,R$ 0
2013,93,Indenizações e restituições,R$ 0,R$ 0,R$ 0,R$ 0,R$ 0,R$ 0,R$ 0,R$ 0,R$ 0,R$ 0,R$ 0,R$ 0,R$ 0,R$ 0
2013,INVESTIMENTO,,R$ 7332125,R$ 0,R$ 0,R$ 0,R$ 0,R$ 75800,"R$ 117512,5","R$ 247120,27",R$ 0,"R$ 362247,65","R$ 194919,6","R$ 13550,56",R$ 75800,"R$ 1086950,58"
2013,OUTRAS,OUTRAS DESPESAS CORRENTES,R$ 1318260,R$ 0,R$ 0,R$ 0,R$ 0,R$ 0,R$ 0,R$ 0,R$ 11052,R$ 948,R$ 0,R$ 0,R$ 0,R$ 12000
2014,08,Outros Benefícios Assistenciais,R$ 0,R$ 0,R$ 0,R$ 0,R$ 0,R$ 0,R$ 0,R$ 0,R$ 0,R$ 0,R$ 0,R$ 0,R$ 0,R$ 0
2014,14,Diárias,R$ 0,R$ 0,R$ 0,R$ 0,R$ 0,R$ 0,R$ 0,R$ 0,R$ 0,R$ 0,R$ 0,R$ 0,R$ 0,R$ 0
2014,30,Material de consumo,R$ 125000,R$ 0,R$ 0,R$ 0,R$ 0,R$ 0,R$ 0,R$ 0,R$ 0,R$ 0,R$ 0,R$ 0,R$ 0,R$ 0
2014,31,"Premiaçoes culturais, Art. Cient.Desp.",R$ 1000,R$ 0,R$ 0,R$ 0,R$ 0,R$ 0,R$ 0,R$ 0,R$ 0,R$ 0,R$ 0,R$ 0,R$ 0,R$ 0
2014,32,"Material, Bem ou Serv.Dist.Gratuita",R$ 0,R$ 0,R$ 0,R$ 0,R$ 0,R$ 0,R$ 0,R$ 0,R$ 0,R$ 0,R$ 0,R$ 0,R$ 0,R$ 0
2014,33,Passagens e despesas c/ locom.,R$ 0,R$ 0,R$ 0,R$ 0,R$ 0,R$ 0,R$ 0,R$ 0,R$ 0,R$ 0,R$ 0,R$ 0,R$ 0,R$ 0
2014,35,Serviço de Consultoria,R$ 10000,R$ 0,R$ 0,R$ 0,R$ 0,R$ 0,R$ 0,R$ 0,R$ 0,R$ 0,R$ 0,R$ 0,R$ 0,R$ 0
2014,36,Outros Serviços de Terc.P.Física,R$ 13000,R$ 0,R$ 0,R$ 0,R$ 0,R$ 0,R$ 0,R$ 0,R$ 0,R$ 0,R$ 0,R$ 0,R$ 0,R$ 0
2014,37,Locação de mão-de-obra,R$ 0,R$ 0,R$ 0,R$ 0,R$ 0,R$ 0,R$ 0,R$ 0,R$ 0,R$ 0,R$ 0,R$ 0,R$ 0,R$ 0
2014,39,Outros Serviços de Terc. PJ,"R$ 507614,84",R$ 0,R$ 0,R$ 0,R$ 0,R$ 0,R$ 0,R$ 0,R$ 0,R$ 0,R$ 0,R$ 0,R$ 0,R$ 0
2014,41,Contribuições,R$ 0,R$ 0,R$ 0,R$ 0,R$ 0,R$ 0,R$ 0,R$ 0,R$ 0,R$ 0,R$ 0,R$ 0,R$ 0,R$ 0
2014,42,Auxílios,R$ 0,R$ 0,R$ 0,R$ 0,R$ 0,R$ 0,R$ 0,R$ 0,R$ 0,R$ 0,R$ 0,R$ 0,R$ 0,R$ 0
2014,46,Auxílio alimentação,R$ 0,R$ 0,R$ 0,R$ 0,R$ 0,R$ 0,R$ 0,R$ 0,R$ 0,R$ 0,R$ 0,R$ 0,R$ 0,R$ 0
2014,47,Obrigações Tributárias,R$ 10000,R$ 0,R$ 0,R$ 0,R$ 0,R$ 0,R$ 0,R$ 0,R$ 0,R$ 0,R$ 0,R$ 0,R$ 0,R$ 0
2014,51,Obras e Instalações,"R$ 532301,53",R$ 0,R$ 0,R$ 0,R$ 0,R$ 0,R$ 0,R$ 0,R$ 0,R$ 0,R$ 0,R$ 0,R$ 0,R$ 0
2014,52,Equipamento e material permanente,"R$ 1723068,72",R$ 0,R$ 0,R$ 0,R$ 0,R$ 78000,R$ 0,R$ 0,R$ 0,"R$ 192250,5",R$ 0,R$ 0,R$ 0,"R$ 270250,5"
2014,61,Aquisição de Imóveis,R$ 50000,R$ 0,R$ 0,R$ 0,R$ 0,R$ 0,R$ 0,R$ 0,R$ 0,R$ 0,R$ 0,R$ 0,R$ 0,R$ 0
2014,92,Despesas de exercícios anteriores,R$ 0,R$ 0,R$ 0,R$ 0,R$ 0,R$ 0,R$ 0,R$ 0,R$ 0,R$ 0,R$ 0,R$ 0,R$ 0,R$ 0
2014,92,Despesas de exercícios anteriores,"R$ 117698,47",R$ 0,R$ 0,"R$ 115344,5","R$ 2353,97",R$ 0,R$ 0,R$ 0,R$ 0,R$ 0,R$ 0,R$ 0,R$ 0,"R$ 117698,47"
2014,93,Indenizações e restituições,R$ 0,R$ 0,R$ 0,R$ 0,R$ 0,R$ 0,R$ 0,R$ 0,R$ 0,R$ 0,R$ 0,R$ 0,R$ 0,R$ 0
2014,INVESTIMENTO,,"R$ 2423068,72",R$ 0,R$ 0,"R$ 115344,5","R$ 2353,97",R$ 78000,R$ 0,R$ 0,R$ 0,"R$ 192250,5",R$ 0,R$ 0,R$ 0,"R$ 387948,97"
2014,OUTRAS,OUTRAS DESPESAS CORRENTES,"R$ 666614,84",R$ 0,R$ 0,R$ 0,R$ 0,R$ 0,R$ 0,R$ 0,R$ 0,R$ 0,R$ 0,R$ 0,R$ 0,R$ 0
2014,Subtotal,,,,,,,,,,,,,,,
2015,08,Outros Benefícios Assistenciais,R$ 0,R$ 0,R$ 0,R$ 0,R$ 0,R$ 0,R$ 0,R$ 0,R$ 0,R$ 0,R$ 0,R$ 0,R$ 0,R$ 0
2015,14,Diárias,R$ 0,R$ 0,R$ 0,R$ 0,R$ 0,R$ 0,R$ 0,R$ 0,R$ 0,R$ 0,R$ 0,R$ 0,R$ 0,R$ 0
2015,30,Material de consumo,R$ 122000,R$ 0,R$ 0,R$ 0,R$ 0,R$ 0,R$ 0,R$ 0,R$ 0,R$ 0,R$ 0,R$ 0,R$ 0,R$ 0
2015,31,"Premiaçoes culturais, Art. Cient.Desp.",R$ 2000,R$ 0,R$ 0,R$ 0,R$ 0,R$ 0,R$ 0,R$ 0,R$ 0,R$ 0,R$ 0,R$ 0,R$ 0,R$ 0
2015,32,"Material, Bem ou Serv.Dist.Gratuita",R$ 0,R$ 0,R$ 0,R$ 0,R$ 0,R$ 0,R$ 0,R$ 0,R$ 0,R$ 0,R$ 0,R$ 0,R$ 0,R$ 0
2015,33,Passagens e despesas c/ locom.,R$ 0,R$ 0,R$ 0,R$ 0,R$ 0,R$ 0,R$ 0,R$ 0,R$ 0,R$ 0,R$ 0,R$ 0,R$ 0,R$ 0
2015,35,Serviço de Consultoria,R$ 105000,R$ 0,R$ 0,R$ 0,R$ 0,R$ 0,R$ 0,R$ 0,R$ 0,R$ 0,R$ 0,R$ 0,R$ 0,R$ 0
2015,36,Outros Serviços de Terc.P.Física,R$ 44000,R$ 0,R$ 0,R$ 0,R$ 0,R$ 0,R$ 0,R$ 0,R$ 0,R$ 0,R$ 0,R$ 0,R$ 0,R$ 0
2015,39,Outros Serviços de Terc. PJ,R$ 1227000,R$ 0,R$ 0,R$ 0,R$ 0,R$ 0,"R$ 48796,63","R$ 84746,56",R$ 0,R$ 0,"R$ 25982,49","R$ 325052,86",R$ 0,"R$ 484578,54"
2015,41,Contribuições,R$ 0,R$ 0,R$ 0,R$ 0,R$ 0,R$ 0,R$ 0,R$ 0,R$ 0,R$ 0,R$ 0,R$ 0,R$ 0,R$ 0
2015,42,Auxílios,R$ 0,R$ 0,R$ 0,R$ 0,R$ 0,R$ 0,R$ 0,R$ 0,R$ 0,R$ 0,R$ 0,R$ 0,R$ 0,R$ 0
2015,46,Auxílio alimentação,R$ 0,R$ 0,R$ 0,R$ 0,R$ 0,R$ 0,R$ 0,R$ 0,R$ 0,R$ 0,R$ 0,R$ 0,R$ 0,R$ 0
2015,47,Obrigações Tributárias,R$ 27000,R$ 0,R$ 0,R$ 0,R$ 0,R$ 0,R$ 0,R$ 0,R$ 0,R$ 0,R$ 0,R$ 0,R$ 0,R$ 0
2015,51,Obras e Instalações,R$ 1173750,R$ 0,R$ 0,R$ 0,R$ 0,R$ 0,R$ 0,R$ 0,R$ 0,R$ 0,R$ 0,R$ 0,R$ 0,R$ 0
2015,52,Equipamento e material permanente,"R$ 3078074,95",R$ 0,R$ 0,R$ 0,R$ 0,R$ 0,R$ 0,R$ 0,R$ 0,"R$ 783074,95",R$ 0,R$ 34500,R$ 0,"R$ 817574,95"
2015,61,Aquisição de Imóveis,R$ 161250,R$ 0,R$ 0,R$ 0,R$ 0,R$ 0,R$ 0,R$ 0,R$ 0,R$ 0,R$ 0,R$ 0,R$ 0,R$ 0
2015,92,Despesas de exercícios anteriores,R$ 0,R$ 0,R$ 0,R$ 0,R$ 0,R$ 0,R$ 0,R$ 0,R$ 0,R$ 0,R$ 0,R$ 0,R$ 0,R$ 0
2015,93,Indenizações e restituições,R$ 0,R$ 0,R$ 0,R$ 0,R$ 0,R$ 0,R$ 0,R$ 0,R$ 0,R$ 0,R$ 0,R$ 0,R$ 0,R$ 0
2015,INVESTIMENTO,,"R$ 4413074,95",R$ 0,R$ 0,R$ 0,R$ 0,R$ 0,R$ 0,R$ 0,R$ 0,"R$ 783074,95",R$ 0,R$ 34500,R$ 0,"R$ 817574,95"
2015,OUTRAS,OUTRAS DESPESAS CORRENTES,R$ 1527000,R$ 0,R$ 0,R$ 0,R$ 0,R$ 0,"R$ 48796,63","R$ 84746,56",R$ 0,R$ 0,"R$ 25982,49","R$ 325052,86",R$ 0,"R$ 484578,54"
2015,Subtotal,,,,,,,,,,,,,,,
2016,08,Outros Benefícios Assistenciais,R$ 0,R$ 0,R$ 0,R$ 0,R$ 0,R$ 0,R$ 0,R$ 0,R$ 0,R$ 0,R$ 0,R$ 0,R$ 0,R$ 0
2016,14,Diárias,R$ 0,R$ 0,R$ 0,R$ 0,R$ 0,R$ 0,R$ 0,R$ 0,R$ 0,R$ 0,R$ 0,R$ 0,R$ 0,R$ 0
2016,30,Material de consumo,"R$ 268385,72",R$ 0,R$ 0,R$ 0,R$ 0,R$ 0,R$ 0,R$ 0,R$ 0,R$ 0,R$ 0,R$ 0,R$ 0,R$ 0
2016,31,"Premiaçoes culturais, Art. Cient.Desp.",R$ 2000,R$ 0,R$ 0,R$ 0,R$ 0,R$ 0,R$ 0,R$ 0,R$ 0,R$ 0,R$ 0,R$ 0,R$ 0,R$ 0
2016,32,"Material, Bem ou Serv.Dist.Gratuita",R$ 0,R$ 0,R$ 0,R$ 0,R$ 0,R$ 0,R$ 0,R$ 0,R$ 0,R$ 0,R$ 0,R$ 0,R$ 0,R$ 0
2016,33,Passagens e despesas c/ locom.,"R$ 96021,97",R$ 0,R$ 0,R$ 0,R$ 0,R$ 0,R$ 0,R$ 0,R$ 0,R$ 0,R$ 0,R$ 0,R$ 0,R$ 0
2016,35,Serviço de Consultoria,R$ 275375,R$ 0,R$ 0,R$ 0,R$ 0,R$ 0,R$ 0,R$ 0,R$ 0,R$ 0,R$ 0,R$ 0,R$ 0,R$ 0
2016,36,Outros Serviços de Terc.P.Física,"R$ 48888,09",R$ 0,R$ 0,R$ 0,R$ 0,R$ 0,R$ 0,R$ 0,R$ 0,R$ 0,R$ 0,R$ 0,R$ 0,R$ 0
2016,37,Locação de mão-de-obra,"R$ 656,83",R$ 0,R$ 0,R$ 0,R$ 0,R$ 0,R$ 0,R$ 0,R$ 0,R$ 0,R$ 0,R$ 0,R$ 0,R$ 0
2016,39,Outros Serviços de Terc. PJ,"R$ 1713303,09",R$ 0,R$ 0,R$ 194775,R$ 0,R$ 0,R$ 0,R$ 0,R$ 0,R$ 0,R$ 0,R$ 0,R$ 129850,R$ 324625
2016,39,Outros Serviços de Terceiros - Pessoa Jurídica,"R$ 172088,14",R$ 0,R$ 0,R$ 0,R$ 0,R$ 0,R$ 0,R$ 0,R$ 0,R$ 0,R$ 59900,R$ 0,R$ 0,R$ 59900
2016,41,Contribuições,R$ 500000,R$ 0,R$ 0,R$ 0,R$ 0,R$ 0,R$ 0,R$ 0,R$ 0,R$ 0,R$ 0,R$ 0,R$ 0,R$ 0
2016,42,Auxílios,R$ 0,R$ 0,R$ 0,R$ 0,R$ 0,R$ 0,R$ 0,R$ 0,R$ 0,R$ 0,R$ 0,R$ 0,R$ 0,R$ 0
2016,46,Auxílio alimentação,R$ 0,R$ 0,R$ 0,R$ 0,R$ 0,R$ 0,R$ 0,R$ 0,R$ 0,R$ 0,R$ 0,R$ 0,R$ 0,R$ 0
2016,47,Obrigações Tributárias,R$ 15000,R$ 0,R$ 0,R$ 0,R$ 0,R$ 0,R$ 0,R$ 0,R$ 0,R$ 0,R$ 0,R$ 0,R$ 0,R$ 0
2016,51,Obras e Instalações,"R$ 635673,26",R$ 0,R$ 0,R$ 0,R$ 0,R$ 0,R$ 0,R$ 0,R$ 0,R$ 0,"R$ 10869,76",R$ 0,R$ 0,"R$ 10869,76"
2016,51,Obras e Instalações/ União,R$ 0,R$ 0,R$ 0,R$ 0,R$ 0,R$ 0,R$ 0,R$ 0,R$ 0,R$ 0,R$ 0,R$ 0,R$ 0,R$ 0
2016,52,Equipamento e material permanente,"R$ 752582,96",R$ 0,R$ 0,R$ 0,R$ 0,R$ 0,R$ 0,R$ 0,R$ 42000,R$ 115700,R$ 0,R$ 0,R$ 0,R$ 157700
2016,61,Aquisição de Imóveis,R$ 20000,R$ 0,R$ 0,R$ 0,R$ 0,R$ 0,R$ 0,R$ 0,R$ 0,R$ 0,R$ 0,R$ 0,R$ 0,R$ 0
2016,92,Despesas de exercícios anteriores,R$ 0,R$ 0,R$ 0,R$ 0,R$ 0,R$ 0,R$ 0,R$ 0,R$ 0,R$ 0,R$ 0,R$ 0,R$ 0,R$ 0
2016,93,Indenizações e restituições,R$ 0,R$ 0,R$ 0,R$ 0,R$ 0,R$ 0,R$ 0,R$ 0,R$ 0,R$ 0,R$ 0,R$ 0,R$ 0,R$ 0
2016,INVESTIMENTO,,"R$ 1580344,36",R$ 0,R$ 0,R$ 0,R$ 0,R$ 0,R$ 0,R$ 0,R$ 42000,R$ 115700,"R$ 70769,76",R$ 0,R$ 0,"R$ 228469,76"
2016,OUTRAS,OUTRAS DESPESAS CORRENTES,"R$ 2919630,7",R$ 0,R$ 0,R$ 194775,R$ 0,R$ 0,R$ 0,R$ 0,R$ 0,R$ 0,R$ 0,R$ 0,R$ 129850,R$ 324625
2017,08,Outros Benefícios Assistenciais,R$ 2000,R$ 0,R$ 0,R$ 0,R$ 0,R$ 0,R$ 0,R$ 0,R$ 0,R$ 0,R$ 0,R$ 0,R$ 0,R$ 0
2017,14,Diárias,R$ 0,R$ 0,R$ 0,R$ 0,R$ 0,R$ 0,R$ 0,R$ 0,R$ 0,R$ 0,R$ 0,R$ 0,R$ 0,R$ 0
2017,30,Material de consumo,R$ 220000,R$ 0,R$ 0,R$ 0,R$ 0,R$ 0,R$ 0,R$ 0,R$ 0,R$ 0,R$ 0,R$ 0,R$ 0,R$ 0
2017,31,"Premiaçoes culturais, Art. Cient.Desp.",R$ 5000,R$ 0,R$ 0,R$ 0,R$ 0,R$ 0,R$ 0,R$ 0,R$ 0,R$ 0,R$ 0,R$ 0,R$ 0,R$ 0
2017,32,"Material, Bem ou Serv.Dist.Gratuita",R$ 0,R$ 0,R$ 0,R$ 0,R$ 0,R$ 0,R$ 0,R$ 0,R$ 0,R$ 0,R$ 0,R$ 0,R$ 0,R$ 0
2017,33,Passagens e despesas c/ locom.,R$ 0,R$ 0,R$ 0,R$ 0,R$ 0,R$ 0,R$ 0,R$ 0,R$ 0,R$ 0,R$ 0,R$ 0,R$ 0,R$ 0
2017,35,Serviço de Consultoria,R$ 0,R$ 0,R$ 0,R$ 0,R$ 0,R$ 0,R$ 0,R$ 0,R$ 0,R$ 0,R$ 0,R$ 0,R$ 0,R$ 0
2017,36,Outros Serviços de Terc.P.Física,R$ 90000,R$ 0,R$ 0,R$ 0,R$ 0,R$ 0,R$ 0,R$ 0,R$ 0,R$ 0,R$ 0,R$ 0,R$ 0,R$ 0
2017,39,Outros Serviços de Terc. PJ,"R$ 1049945,9","R$ 78,6",R$ 0,R$ 0,R$ 0,R$ 0,R$ 90,R$ 0,R$ 0,R$ 0,R$ 0,R$ 0,R$ 0,"R$ 168,6"
2017,39,Outros Serviços de Terceiros - Pessoa Jurídica,"R$ 5913,53",R$ 0,R$ 0,R$ 0,R$ 0,R$ 0,R$ 0,R$ 0,R$ 0,R$ 0,R$ 0,R$ 0,R$ 0,R$ 0
2017,41,Contribuições,R$ 0,R$ 0,R$ 0,R$ 0,R$ 0,R$ 0,R$ 0,R$ 0,R$ 0,R$ 0,R$ 0,R$ 0,R$ 0,R$ 0
2017,42,Auxílios,R$ 0,R$ 0,R$ 0,R$ 0,R$ 0,R$ 0,R$ 0,R$ 0,R$ 0,R$ 0,R$ 0,R$ 0,R$ 0,R$ 0
2017,46,Auxílio alimentação,R$ 2000,R$ 0,R$ 0,R$ 0,R$ 0,R$ 0,R$ 0,R$ 0,R$ 0,R$ 0,R$ 0,R$ 0,R$ 0,R$ 0
2017,47,Obrigações Tributárias,R$ 10000,R$ 0,R$ 0,R$ 0,R$ 0,R$ 0,R$ 0,R$ 0,R$ 0,R$ 0,R$ 0,R$ 0,R$ 0,R$ 0
2017,51,Obras e Instalações,"R$ 669379,11",R$ 0,R$ 0,R$ 0,R$ 0,R$ 0,R$ 0,R$ 0,R$ 0,R$ 0,R$ 0,R$ 0,R$ 0,R$ 0
2017,52,Equipamento e material permanente,"R$ 1639332,45",R$ 0,R$ 0,R$ 0,R$ 0,R$ 0,R$ 0,R$ 0,R$ 0,R$ 0,R$ 0,R$ 0,R$ 0,R$ 0
2017,61,Aquisição de Imóveis,R$ 100000,R$ 0,R$ 0,R$ 0,R$ 0,R$ 0,R$ 0,R$ 0,R$ 0,R$ 0,R$ 0,R$ 0,R$ 0,R$ 0
2017,92,Despesas de exercícios anteriores,R$ 0,R$ 0,R$ 0,R$ 0,R$ 0,R$ 0,R$ 0,R$ 0,R$ 0,R$ 0,R$ 0,R$ 0,R$ 0,R$ 0
2017,93,Indenizações e restituições,R$ 2000,R$ 0,R$ 0,R$ 0,R$ 0,R$ 0,R$ 0,R$ 0,R$ 0,R$ 0,R$ 0,R$ 0,R$ 0,R$ 0
2017,INVESTIMENTO,,"R$ 2414625,09",R$ 0,R$ 0,R$ 0,R$ 0,R$ 0,R$ 0,R$ 0,R$ 0,R$ 0,R$ 0,R$ 0,R$ 0,R$ 0
2017,OUTRAS,OUTRAS DESPESAS CORRENTES,"R$ 1380945,9","R$ 78,6",R$ 0,R$ 0,R$ 0,R$ 0,R$ 90,R$ 0,R$ 0,R$ 0,R$ 0,R$ 0,R$ 0,"R$ 168,6"
2018,08,Outros Benefícios Assistenciais,R$ 2000,R$ 0,R$ 0,R$ 0,R$ 0,R$ 0,R$ 0,R$ 0,R$ 0,R$ 0,R$ 0,R$ 0,R$ 0,R$ 0
2018,14,Diárias,R$ 0,R$ 0,R$ 0,R$ 0,R$ 0,R$ 0,R$ 0,R$ 0,R$ 0,R$ 0,R$ 0,R$ 0,R$ 0,R$ 0
2018,30,Material de consumo,"R$ 238702,5",R$ 0,R$ 0,R$ 0,R$ 0,R$ 0,R$ 0,R$ 0,R$ 0,R$ 0,R$ 0,R$ 0,R$ 0,R$ 0
2018,31,"Premiaçoes culturais, Art. Cient.Desp.",R$ 5000,R$ 0,R$ 0,R$ 0,R$ 0,R$ 0,R$ 0,R$ 0,R$ 0,R$ 0,R$ 0,R$ 0,R$ 0,R$ 0
2018,32,"Material, Bem ou Serv.Dist.Gratuita",R$ 0,R$ 0,R$ 0,R$ 0,R$ 0,R$ 0,R$ 0,R$ 0,R$ 0,R$ 0,R$ 0,R$ 0,R$ 0,R$ 0
2018,33,Passagens e despesas c/ locom.,R$ 0,R$ 0,R$ 0,R$ 0,R$ 0,R$ 0,R$ 0,R$ 0,R$ 0,R$ 0,R$ 0,R$ 0,R$ 0,R$ 0
2018,35,Serviço de Consultoria,R$ 70000,R$ 0,R$ 0,R$ 0,R$ 0,R$ 0,R$ 0,R$ 0,R$ 0,R$ 0,R$ 0,R$ 0,R$ 0,R$ 0
2018,36,Outros Serviços de Terc.P.Física,R$ 20000,R$ 0,R$ 0,R$ 0,R$ 0,R$ 0,R$ 0,R$ 0,R$ 0,R$ 0,R$ 0,R$ 0,R$ 0,R$ 0
2018,39,Outros Serviços de Terc. PJ,"R$ 942207,83",R$ 0,R$ 0,R$ 0,R$ 0,R$ 0,R$ 0,R$ 0,R$ 0,R$ 0,R$ 0,R$ 0,R$ 0,R$ 0
2018,39,Outros Serviços de Terceiros - Pessoa Jurídica,R$ 0,R$ 0,R$ 0,R$ 0,R$ 0,R$ 0,R$ 0,R$ 0,R$ 0,R$ 0,R$ 0,R$ 0,R$ 0,R$ 0
2018,41,Contribuições,R$ 0,R$ 0,R$ 0,R$ 0,R$ 0,R$ 0,R$ 0,R$ 0,R$ 0,R$ 0,R$ 0,R$ 0,R$ 0,R$ 0
2018,42,Auxílios,R$ 0,R$ 0,R$ 0,R$ 0,R$ 0,R$ 0,R$ 0,R$ 0,R$ 0,R$ 0,R$ 0,R$ 0,R$ 0,R$ 0
2018,46,Auxílio alimentação,R$ 2000,R$ 0,R$ 0,R$ 0,R$ 0,R$ 0,R$ 0,R$ 0,R$ 0,R$ 0,R$ 0,R$ 0,R$ 0,R$ 0
2018,47,Obrigações Tributárias,R$ 10000,R$ 0,R$ 0,R$ 0,R$ 0,R$ 0,R$ 0,R$ 0,R$ 0,R$ 0,R$ 0,R$ 0,R$ 0,R$ 0
2018,51,Obras e Instalações,"R$ 711301,72",R$ 0,R$ 0,R$ 0,R$ 0,R$ 0,R$ 0,R$ 0,R$ 0,R$ 0,R$ 0,R$ 0,R$ 0,R$ 0
2018,52,Equipamento e material permanente,"R$ 1207078,78",R$ 0,R$ 0,R$ 0,R$ 0,R$ 0,R$ 0,R$ 0,R$ 0,R$ 0,R$ 0,R$ 0,R$ 0,R$ 0
2018,61,Aquisição de Imóveis,R$ 20000,R$ 0,R$ 0,R$ 0,R$ 0,R$ 0,R$ 0,R$ 0,R$ 0,R$ 0,R$ 0,R$ 0,R$ 0,R$ 0
2018,92,Despesas de exercícios anteriores,R$ 0,R$ 0,R$ 0,R$ 0,R$ 0,R$ 0,R$ 0,R$ 0,R$ 0,R$ 0,R$ 0,R$ 0,R$ 0,R$ 0
2018,93,Indenizações e restituições,R$ 2000,R$ 0,R$ 0,R$ 0,R$ 0,R$ 0,R$ 0,R$ 0,R$ 0,R$ 0,R$ 0,R$ 0,R$ 0,R$ 0
2018,INVESTIMENTO,,"R$ 1938380,5",R$ 0,R$ 0,R$ 0,R$ 0,R$ 0,R$ 0,R$ 0,R$ 0,R$ 0,R$ 0,R$ 0,R$ 0,R$ 0
2018,OUTRAS,OUTRAS DESPESAS CORRENTES,"R$ 1291910,33",R$ 0,R$ 0,R$ 0,R$ 0,R$ 0,R$ 0,R$ 0,R$ 0,R$ 0,R$ 0,R$ 0,R$ 0,R$ 0
2019,08,Outros Benefícios Assistenciais,R$ 2000,R$ 0,R$ 0,R$ 0,R$ 0,R$ 0,R$ 0,R$ 0,R$ 0,R$ 0,R$ 0,R$ 0,R$ 0,R$ 0
2019,14,Diárias,R$ 0,R$ 0,R$ 0,R$ 0,R$ 0,R$ 0,R$ 0,R$ 0,R$ 0,R$ 0,R$ 0,R$ 0,R$ 0,R$ 0
2019,30,Material de consumo,R$ 109000,R$ 0,R$ 0,R$ 0,R$ 0,R$ 0,R$ 0,R$ 0,R$ 0,R$ 0,R$ 0,R$ 0,R$ 0,R$ 0
2019,31,"Premiaçoes culturais, Art. Cient.Desp.",R$ 5000,R$ 0,R$ 0,R$ 0,R$ 0,R$ 0,R$ 0,R$ 0,R$ 0,R$ 0,R$ 0,R$ 0,R$ 0,R$ 0
2019,32,"Material, Bem ou Serv.Dist.Gratuita",R$ 0,R$ 0,R$ 0,R$ 0,R$ 0,R$ 0,R$ 0,R$ 0,R$ 0,R$ 0,R$ 0,R$ 0,R$ 0,R$ 0
2019,33,Passagens e despesas c/ locom.,R$ 0,R$ 0,R$ 0,R$ 0,R$ 0,R$ 0,R$ 0,R$ 0,R$ 0,R$ 0,R$ 0,R$ 0,R$ 0,R$ 0
2019,35,Serviço de Consultoria,R$ 5000,R$ 0,R$ 0,R$ 0,R$ 0,R$ 0,R$ 0,R$ 0,R$ 0,R$ 0,R$ 0,R$ 0,R$ 0,R$ 0
2019,36,Outros Serviços de Terc.P.Física,R$ 12000,R$ 0,R$ 0,R$ 0,R$ 0,R$ 0,R$ 0,R$ 0,R$ 0,R$ 0,R$ 0,R$ 0,R$ 0,R$ 0
2019,39,Outros Serviços de Terc. PJ,"R$ 404578,14",R$ 0,R$ 0,R$ 0,R$ 0,R$ 0,R$ 0,R$ 0,R$ 0,R$ 0,R$ 0,R$ 0,R$ 0,R$ 0
2019,39,Outros Serviços de Terceiros - Pessoa Jurídica,"R$ 117032,99",R$ 0,R$ 0,R$ 0,R$ 0,R$ 0,R$ 0,R$ 0,R$ 0,R$ 0,R$ 0,R$ 0,R$ 0,R$ 0
2019,41,Contribuições,R$ 0,R$ 0,R$ 0,R$ 0,R$ 0,R$ 0,R$ 0,R$ 0,R$ 0,R$ 0,R$ 0,R$ 0,R$ 0,R$ 0
2019,42,Auxílios,R$ 0,R$ 0,R$ 0,R$ 0,R$ 0,R$ 0,R$ 0,R$ 0,R$ 0,R$ 0,R$ 0,R$ 0,R$ 0,R$ 0
2019,46,Auxílio alimentação,R$ 2000,R$ 0,R$ 0,R$ 0,R$ 0,R$ 0,R$ 0,R$ 0,R$ 0,R$ 0,R$ 0,R$ 0,R$ 0,R$ 0
2019,47,Obrigações Tributárias,R$ 2000,R$ 0,R$ 0,R$ 0,R$ 0,R$ 0,R$ 0,R$ 0,R$ 0,R$ 0,R$ 0,R$ 0,R$ 0,R$ 0
2019,51,Obras e Instalações,"R$ 445119,22",R$ 0,R$ 0,R$ 0,R$ 0,R$ 0,R$ 0,R$ 0,R$ 0,R$ 0,R$ 0,R$ 0,R$ 0,R$ 0
2019,52,Equipamento e material permanente,"R$ 518862,6",R$ 0,R$ 0,R$ 0,R$ 0,R$ 0,R$ 0,R$ 0,R$ 0,R$ 0,R$ 0,R$ 0,R$ 0,R$ 0
2019,61,Aquisição de Imóveis,R$ 10000,R$ 0,R$ 0,R$ 0,R$ 0,R$ 0,R$ 0,R$ 0,R$ 0,R$ 0,R$ 0,R$ 0,R$ 0,R$ 0
2019,61,Aquisição de Imóveis,R$ 100000,R$ 0,R$ 0,R$ 0,R$ 0,R$ 0,R$ 0,R$ 0,R$ 0,R$ 0,R$ 0,R$ 0,R$ 0,R$ 0
2019,92,Despesas de exercícios anteriores,R$ 0,R$ 0,R$ 0,R$ 0,R$ 0,R$ 0,R$ 0,R$ 0,R$ 0,R$ 0,R$ 0,R$ 0,R$ 0,R$ 0
2019,93,Indenizações e restituições,R$ 1000,R$ 0,R$ 0,R$ 0,R$ 0,R$ 0,R$ 0,R$ 0,R$ 0,R$ 0,R$ 0,R$ 0,R$ 0,R$ 0
2019,INVERSÕES,FINANCEIRAS,R$ 100000,R$ 0,R$ 0,R$ 0,R$ 0,R$ 0,R$ 0,R$ 0,R$ 0,R$ 0,R$ 0,R$ 0,R$ 0,R$ 0
2019,INVESTIMENTO,,"R$ 1091014,81",R$ 0,R$ 0,R$ 0,R$ 0,R$ 0,R$ 0,R$ 0,R$ 0,R$ 0,R$ 0,R$ 0,R$ 0,R$ 0
2019,OUTRAS,OUTRAS DESPESAS CORRENTES,"R$ 542578,14",R$ 0,R$ 0,R$ 0,R$ 0,R$ 0,R$ 0,R$ 0,R$ 0,R$ 0,R$ 0,R$ 0,R$ 0,R$ 0
2020,08,Outros Benefícios Assistenciais,R$ 270000,R$ 0,R$ 0,R$ 0,R$ 0,R$ 0,R$ 0,R$ 0,R$ 0,R$ 0,R$ 0,R$ 0,R$ 0,R$ 0
2020,14,Diárias,R$ 0,R$ 0,R$ 0,R$ 0,R$ 0,R$ 0,R$ 0,R$ 0,R$ 0,R$ 0,R$ 0,R$ 0,R$ 0,R$ 0
2020,30,Material de consumo,R$ 114000,R$ 0,R$ 0,R$ 0,R$ 0,R$ 0,R$ 0,R$ 0,R$ 0,R$ 0,R$ 0,R$ 0,R$ 0,R$ 0
2020,31,"Premiaçoes culturais, Art. Cient.Desp.",R$ 5000,R$ 0,R$ 0,R$ 0,R$ 0,R$ 0,R$ 0,R$ 0,R$ 0,R$ 0,R$ 0,R$ 0,R$ 0,R$ 0
2020,32,"Material, Bem ou Serv.Dist.Gratuita",R$ 0,R$ 0,R$ 0,R$ 0,R$ 0,R$ 0,R$ 0,R$ 0,R$ 0,R$ 0,R$ 0,R$ 0,R$ 0,R$ 0
2020,33,Passagens e despesas c/ locom.,R$ 0,R$ 0,R$ 0,R$ 0,R$ 0,R$ 0,R$ 0,R$ 0,R$ 0,R$ 0,R$ 0,R$ 0,R$ 0,R$ 0
2020,35,Serviço de Consultoria,R$ 10000,R$ 0,R$ 0,R$ 0,R$ 0,R$ 0,R$ 0,R$ 0,R$ 0,R$ 0,R$ 0,R$ 0,R$ 0,R$ 0
2020,36,Outros Serviços de Terc.P.Física,R$ 17000,R$ 0,R$ 0,R$ 0,R$ 0,R$ 0,R$ 0,R$ 0,R$ 0,R$ 0,R$ 0,R$ 0,R$ 0,R$ 0
2020,39,Outros Serviços de Terc. PJ,R$ 165000,R$ 0,R$ 0,R$ 0,R$ 0,R$ 0,R$ 0,R$ 0,R$ 0,R$ 0,R$ 0,R$ 0,R$ 0,R$ 0
2020,39,Outros Serviços de Terceiros - Pessoa Jurídica,R$ 0,R$ 0,R$ 0,R$ 0,R$ 0,R$ 0,R$ 0,R$ 0,R$ 0,R$ 0,R$ 0,R$ 0,R$ 0,R$ 0
2020,40,Serviços de Tecnologia da Informação,R$ 0,R$ 0,R$ 0,R$ 0,R$ 0,R$ 0,R$ 0,R$ 0,R$ 0,R$ 0,R$ 0,R$ 0,R$ 0,R$ 0
2020,41,Contribuições,R$ 0,R$ 0,R$ 0,R$ 0,R$ 0,R$ 0,R$ 0,R$ 0,R$ 0,R$ 0,R$ 0,R$ 0,R$ 0,R$ 0
2020,42,Auxílios,R$ 0,R$ 0,R$ 0,R$ 0,R$ 0,R$ 0,R$ 0,R$ 0,R$ 0,R$ 0,R$ 0,R$ 0,R$ 0,R$ 0
2020,46,Auxílio alimentação,R$ 272000,R$ 0,R$ 0,R$ 0,R$ 0,R$ 0,R$ 0,R$ 0,R$ 0,R$ 0,R$ 0,R$ 0,R$ 0,R$ 0
2020,47,Obrigações Tributárias,R$ 2000,R$ 0,R$ 0,R$ 0,R$ 0,R$ 0,R$ 0,R$ 0,R$ 0,R$ 0,R$ 0,R$ 0,R$ 0,R$ 0
2020,51,Obras e Instalações,R$ 158000,R$ 0,R$ 0,R$ 0,R$ 0,R$ 0,R$ 0,R$ 0,R$ 0,R$ 0,R$ 0,R$ 0,R$ 0,R$ 0
2020,52,Equipamento e material permanente,R$ 60000,R$ 0,R$ 0,R$ 0,R$ 0,R$ 0,R$ 0,R$ 0,R$ 0,R$ 0,R$ 0,R$ 0,R$ 0,R$ 0
2020,61,Aquisição de Imóveis,R$ 11000,R$ 0,R$ 0,R$ 0,R$ 0,R$ 0,R$ 0,R$ 0,R$ 0,R$ 0,R$ 0,R$ 0,R$ 0,R$ 0
2020,61,Aquisição de Imóveis,R$ 100000,R$ 0,R$ 0,R$ 0,R$ 0,R$ 0,R$ 0,R$ 0,R$ 0,R$ 0,R$ 0,R$ 0,R$ 0,R$ 0
2020,92,Despesas de exercícios anteriores,R$ 0,R$ 0,R$ 0,R$ 0,R$ 0,R$ 0,R$ 0,R$ 0,R$ 0,R$ 0,R$ 0,R$ 0,R$ 0,R$ 0
2020,93,Indenizações e restituições,R$ 1000,R$ 0,R$ 0,R$ 0,R$ 0,R$ 0,R$ 0,R$ 0,R$ 0,R$ 0,R$ 0,R$ 0,R$ 0,R$ 0
2020,INVERSÕES,FINANCEIRAS,R$ 100000,R$ 0,R$ 0,R$ 0,R$ 0,R$ 0,R$ 0,R$ 0,R$ 0,R$ 0,R$ 0,R$ 0,R$ 0,R$ 0
2020,INVESTIMENTO,,R$ 229000,R$ 0,R$ 0,R$ 0,R$ 0,R$ 0,R$ 0,R$ 0,R$ 0,R$ 0,R$ 0,R$ 0,R$ 0,R$ 0
2020,OUTRAS,OUTRAS DESPESAS CORRENTES,R$ 856000,R$ 0,R$ 0,R$ 0,R$ 0,R$ 0,R$ 0,R$ 0,R$ 0,R$ 0,R$ 0,R$ 0,R$ 0,R$ 0
2021,08,Outros Benefícios Assistenciais,R$ 70000,R$ 0,R$ 0,R$ 0,R$ 0,R$ 0,R$ 0,R$ 0,R$ 0,R$ 0,R$ 0,R$ 0,R$ 0,R$ 0
2021,14,Diárias,R$ 0,R$ 0,R$ 0,R$ 0,R$ 0,R$ 0,R$ 0,R$ 0,R$ 0,R$ 0,R$ 0,R$ 0,R$ 0,R$ 0
2021,30,Material de consumo,R$ 102000,R$ 0,R$ 0,R$ 0,R$ 0,R$ 0,R$ 0,R$ 0,R$ 0,R$ 0,R$ 0,R$ 0,R$ 0,R$ 0
2021,31,"Premiaçoes culturais, Art. Cient.Desp.",R$ 1000,R$ 0,R$ 0,R$ 0,R$ 0,R$ 0,R$ 0,R$ 0,R$ 0,R$ 0,R$ 0,R$ 0,R$ 0,R$ 0
2021,32,"Material, Bem ou Serv.Dist.Gratuita",R$ 0,R$ 0,R$ 0,R$ 0,R$ 0,R$ 0,R$ 0,R$ 0,R$ 0,R$ 0,R$ 0,R$ 0,R$ 0,R$ 0
2021,33,Passagens e despesas c/ locom.,R$ 0,R$ 0,R$ 0,R$ 0,R$ 0,R$ 0,R$ 0,R$ 0,R$ 0,R$ 0,R$ 0,R$ 0,R$ 0,R$ 0
2021,35,Serviço de Consultoria,R$ 10000,R$ 0,R$ 0,R$ 0,R$ 0,R$ 0,R$ 0,R$ 0,R$ 0,R$ 0,R$ 0,R$ 0,R$ 0,R$ 0
2021,36,Outros Serviços de Terc.P.Física,R$ 16000,R$ 0,R$ 0,R$ 0,R$ 0,R$ 0,R$ 0,R$ 0,R$ 0,R$ 0,R$ 0,R$ 0,R$ 0,R$ 0
2021,39,Outros Serviços de Terc. PJ,R$ 143000,R$ 0,R$ 0,R$ 0,R$ 0,R$ 0,R$ 0,R$ 0,R$ 0,R$ 0,R$ 0,R$ 0,R$ 0,R$ 0
2021,39,Outros Serviços de Terceiros - Pessoa Jurídica,R$ 0,R$ 0,R$ 0,R$ 0,R$ 0,R$ 0,R$ 0,R$ 0,R$ 0,R$ 0,R$ 0,R$ 0,R$ 0,R$ 0
2021,40,Serviços de Tecnologia da Informação,R$ 0,R$ 0,R$ 0,R$ 0,R$ 0,R$ 0,R$ 0,R$ 0,R$ 0,R$ 0,R$ 0,R$ 0,R$ 0,R$ 0
2021,41,Contribuições,R$ 0,R$ 0,R$ 0,R$ 0,R$ 0,R$ 0,R$ 0,R$ 0,R$ 0,R$ 0,R$ 0,R$ 0,R$ 0,R$ 0
2021,42,Auxílios,R$ 0,R$ 0,R$ 0,R$ 0,R$ 0,R$ 0,R$ 0,R$ 0,R$ 0,R$ 0,R$ 0,R$ 0,R$ 0,R$ 0
2021,46,Auxílio alimentação,R$ 72000,R$ 0,R$ 0,R$ 0,R$ 0,R$ 0,R$ 0,R$ 0,R$ 0,R$ 0,R$ 0,R$ 0,R$ 0,R$ 0
2021,47,Obrigações Tributárias,R$ 1000,R$ 0,R$ 0,R$ 0,R$ 0,R$ 0,R$ 0,R$ 0,R$ 0,R$ 0,R$ 0,R$ 0,R$ 0,R$ 0
2021,51,Obras e Instalações,R$ 168000,R$ 0,R$ 0,R$ 0,R$ 0,R$ 0,R$ 0,R$ 0,R$ 0,R$ 0,R$ 0,R$ 0,R$ 0,R$ 0
2021,52,Equipamento e material permanente,R$ 60000,R$ 0,R$ 0,R$ 0,R$ 0,R$ 0,R$ 0,R$ 0,R$ 0,R$ 0,R$ 0,R$ 0,R$ 0,R$ 0
2021,61,Aquisição de Imóveis,R$ 11000,R$ 0,R$ 0,R$ 0,R$ 0,R$ 0,R$ 0,R$ 0,R$ 0,R$ 0,R$ 0,R$ 0,R$ 0,R$ 0
2021,61,Aquisição de Imóveis,R$ 45000,R$ 0,R$ 0,R$ 0,R$ 0,R$ 0,R$ 0,R$ 0,R$ 0,R$ 0,R$ 0,R$ 0,R$ 0,R$ 0
2021,92,Despesas de exercícios anteriores,R$ 0,R$ 0,R$ 0,R$ 0,R$ 0,R$ 0,R$ 0,R$ 0,R$ 0,R$ 0,R$ 0,R$ 0,R$ 0,R$ 0
2021,93,Indenizações e restituições,R$ 1000,R$ 0,R$ 0,R$ 0,R$ 0,R$ 0,R$ 0,R$ 0,R$ 0,R$ 0,R$ 0,R$ 0,R$ 0,R$ 0
2021,INVERSÕES,FINANCEIRAS,R$ 45000,R$ 0,R$ 0,R$ 0,R$ 0,R$ 0,R$ 0,R$ 0,R$ 0,R$ 0,R$ 0,R$ 0,R$ 0,R$ 0
2021,INVESTIMENTO,,R$ 239000,R$ 0,R$ 0,R$ 0,R$ 0,R$ 0,R$ 0,R$ 0,R$ 0,R$ 0,R$ 0,R$ 0,R$ 0,R$ 0
2021,OUTRAS,OUTRAS DESPESAS CORRENTES,R$ 416000,R$ 0,R$ 0,R$ 0,R$ 0,R$ 0,R$ 0,R$ 0,R$ 0,R$ 0,R$ 0,R$ 0,R$ 0,R$ 0
2022,08,Outros Benefícios Assistenciais,R$ 1000,R$ 0,R$ 0,R$ 0,R$ 0,R$ 0,R$ 0,R$ 0,R$ 0,R$ 0,R$ 0,R$ 0,R$ 0,R$ 0
2022,14,Diárias,R$ 0,R$ 0,R$ 0,R$ 0,R$ 0,R$ 0,R$ 0,R$ 0,R$ 0,R$ 0,R$ 0,R$ 0,R$ 0,R$ 0
2022,30,Material de consumo,R$ 57000,R$ 0,R$ 0,R$ 0,R$ 0,R$ 0,R$ 0,R$ 0,R$ 0,R$ 0,R$ 0,R$ 0,R$ 0,R$ 0
2022,31,"Premiaçoes culturais, Art. Cient.Desp.",R$ 1000,R$ 0,R$ 0,R$ 0,R$ 0,R$ 0,R$ 0,R$ 0,R$ 0,R$ 0,R$ 0,R$ 0,R$ 0,R$ 0
2022,32,"Material, Bem ou Serv.Dist.Gratuita",R$ 0,R$ 0,R$ 0,R$ 0,R$ 0,R$ 0,R$ 0,R$ 0,R$ 0,R$ 0,R$ 0,R$ 0,R$ 0,R$ 0
2022,33,Passagens e despesas c/ locom.,R$ 0,R$ 0,R$ 0,R$ 0,R$ 0,R$ 0,R$ 0,R$ 0,R$ 0,R$ 0,R$ 0,R$ 0,R$ 0,R$ 0
2022,35,Serviço de Consultoria,R$ 3000,R$ 0,R$ 0,R$ 0,R$ 0,R$ 0,R$ 0,R$ 0,R$ 0,R$ 0,R$ 0,R$ 0,R$ 0,R$ 0
2022,36,Outros Serviços de Terc.P.Física,R$ 16000,R$ 0,R$ 0,R$ 0,R$ 0,R$ 0,R$ 0,R$ 0,R$ 0,R$ 0,R$ 0,R$ 0,R$ 0,R$ 0
2022,39,Outros Serviços de Terc. PJ,R$ 88000,R$ 0,R$ 0,R$ 0,R$ 0,R$ 0,R$ 0,R$ 0,R$ 0,R$ 0,R$ 0,R$ 0,R$ 0,R$ 0
2022,39,Outros Serviços de Terceiros - Pessoa Jurídica,R$ 0,R$ 0,R$ 0,R$ 0,R$ 0,R$ 0,R$ 0,R$ 0,R$ 0,R$ 0,R$ 0,R$ 0,R$ 0,R$ 0
2022,40,Serviços de Tecnologia da Informação,R$ 0,R$ 0,R$ 0,R$ 0,R$ 0,R$ 0,R$ 0,R$ 0,R$ 0,R$ 0,R$ 0,R$ 0,R$ 0,R$ 0
2022,41,Contribuições,R$ 0,R$ 0,R$ 0,R$ 0,R$ 0,R$ 0,R$ 0,R$ 0,R$ 0,R$ 0,R$ 0,R$ 0,R$ 0,R$ 0
2022,42,Auxílios,R$ 0,R$ 0,R$ 0,R$ 0,R$ 0,R$ 0,R$ 0,R$ 0,R$ 0,R$ 0,R$ 0,R$ 0,R$ 0,R$ 0
2022,46,Auxílio alimentação,R$ 4000,R$ 0,R$ 0,R$ 0,R$ 0,R$ 0,R$ 0,R$ 0,R$ 0,R$ 0,R$ 0,R$ 0,R$ 0,R$ 0
2022,47,Obrigações Tributárias,R$ 1000,R$ 0,R$ 0,R$ 0,R$ 0,R$ 0,R$ 0,R$ 0,R$ 0,R$ 0,R$ 0,R$ 0,R$ 0,R$ 0
2022,51,Obras e Instalações,R$ 37000,R$ 0,R$ 0,R$ 0,R$ 0,R$ 0,R$ 0,R$ 0,R$ 0,R$ 0,R$ 0,R$ 0,R$ 0,R$ 0
2022,52,Equipamento e material permanente,R$ 20000,R$ 0,R$ 0,R$ 0,R$ 0,R$ 0,R$ 0,R$ 0,R$ 0,R$ 0,R$ 0,R$ 0,R$ 0,R$ 0
2022,61,Aquisição de Imóveis,R$ 10000,R$ 0,R$ 0,R$ 0,R$ 0,R$ 0,R$ 0,R$ 0,R$ 0,R$ 0,R$ 0,R$ 0,R$ 0,R$ 0
2022,61,Aquisição de Imóveis,R$ 11000,R$ 0,R$ 0,R$ 0,R$ 0,R$ 0,R$ 0,R$ 0,R$ 0,R$ 0,R$ 0,R$ 0,R$ 0,R$ 0
2022,92,Despesas de exercícios anteriores,R$ 0,R$ 0,R$ 0,R$ 0,R$ 0,R$ 0,R$ 0,R$ 0,R$ 0,R$ 0,R$ 0,R$ 0,R$ 0,R$ 0
2022,93,Indenizações e restituições,R$ 1000,R$ 0,R$ 0,R$ 0,R$ 0,R$ 0,R$ 0,R$ 0,R$ 0,R$ 0,R$ 0,R$ 0,R$ 0,R$ 0
2022,INVERSÕES,FINANCEIRAS,R$ 10000,R$ 0,R$ 0,R$ 0,R$ 0,R$ 0,R$ 0,R$ 0,R$ 0,R$ 0,R$ 0,R$ 0,R$ 0,R$ 0
2022,INVESTIMENTO,,R$ 68000,R$ 0,R$ 0,R$ 0,R$ 0,R$ 0,R$ 0,R$ 0,R$ 0,R$ 0,R$ 0,R$ 0,R$ 0,R$ 0
2022,OUTRAS,OUTRAS DESPESAS CORRENTES,R$ 172000,R$ 0,R$ 0,R$ 0,R$ 0,R$ 0,R$ 0,R$ 0,R$ 0,R$ 0,R$ 0,R$ 0,R$ 0,R$ 0
2023,08,Outros Benefícios Assistenciais,R$ 4000,R$ 0,R$ 0,R$ 0,R$ 0,R$ 0,R$ 0,R$ 0,R$ 0,R$ 0,R$ 0,R$ 0,R$ 0,R$ 0
2023,14,Diárias,R$ 0,R$ 0,R$ 0,R$ 0,R$ 0,R$ 0,R$ 0,R$ 0,R$ 0,R$ 0,R$ 0,R$ 0,R$ 0,R$ 0
2023,30,Material de consumo,R$ 54000,R$ 0,R$ 0,R$ 0,R$ 0,R$ 0,R$ 0,R$ 0,R$ 0,R$ 0,R$ 0,R$ 0,R$ 0,R$ 0
2023,31,"Premiaçoes culturais, Art. Cient.Desp.",R$ 1000,R$ 0,R$ 0,R$ 0,R$ 0,R$ 0,R$ 0,R$ 0,R$ 0,R$ 0,R$ 0,R$ 0,R$ 0,R$ 0
2023,32,"Material, Bem ou Serv.Dist.Gratuita",R$ 0,R$ 0,R$ 0,R$ 0,R$ 0,R$ 0,R$ 0,R$ 0,R$ 0,R$ 0,R$ 0,R$ 0,R$ 0,R$ 0
2023,33,Passagens e despesas c/ locom.,R$ 0,R$ 0,R$ 0,R$ 0,R$ 0,R$ 0,R$ 0,R$ 0,R$ 0,R$ 0,R$ 0,R$ 0,R$ 0,R$ 0
2023,35,Serviço de Consultoria,R$ 3000,R$ 0,R$ 0,R$ 0,R$ 0,R$ 0,R$ 0,R$ 0,R$ 0,R$ 0,R$ 0,R$ 0,R$ 0,R$ 0
2023,36,Outros Serviços de Terc.P.Física,R$ 13000,R$ 0,R$ 0,R$ 0,R$ 0,R$ 0,R$ 0,R$ 0,R$ 0,R$ 0,R$ 0,R$ 0,R$ 0,R$ 0
2023,39,Outros Serviços de Terc. PJ,R$ 85000,R$ 0,R$ 0,R$ 0,R$ 0,R$ 0,R$ 0,R$ 0,R$ 0,R$ 0,R$ 0,R$ 0,R$ 0,R$ 0
2023,39,Outros Serviços de Terceiros - Pessoa Jurídica,R$ 0,R$ 0,R$ 0,R$ 0,R$ 0,R$ 0,R$ 0,R$ 0,R$ 0,R$ 0,R$ 0,R$ 0,R$ 0,R$ 0
2023,40,Serviços de Tecnologia da Informação,R$ 0,R$ 0,R$ 0,R$ 0,R$ 0,R$ 0,R$ 0,R$ 0,R$ 0,R$ 0,R$ 0,R$ 0,R$ 0,R$ 0
2023,41,Contribuições,R$ 0,R$ 0,R$ 0,R$ 0,R$ 0,R$ 0,R$ 0,R$ 0,R$ 0,R$ 0,R$ 0,R$ 0,R$ 0,R$ 0
2023,42,Auxílios,R$ 0,R$ 0,R$ 0,R$ 0,R$ 0,R$ 0,R$ 0,R$ 0,R$ 0,R$ 0,R$ 0,R$ 0,R$ 0,R$ 0
2023,46,Auxílio alimentação,R$ 7000,R$ 0,R$ 0,R$ 0,R$ 0,R$ 0,R$ 0,R$ 0,R$ 0,R$ 0,R$ 0,R$ 0,R$ 0,R$ 0
2023,47,Obrigações Tributárias,R$ 1000,R$ 0,R$ 0,R$ 0,R$ 0,R$ 0,R$ 0,R$ 0,R$ 0,R$ 0,R$ 0,R$ 0,R$ 0,R$ 0
2023,51,Obras e Instalações,R$ 37000,R$ 0,R$ 0,R$ 0,R$ 0,R$ 0,R$ 0,R$ 0,R$ 0,R$ 0,R$ 0,R$ 0,R$ 0,R$ 0
2023,52,Equipamento e material permanente,R$ 20000,R$ 0,R$ 0,R$ 0,R$ 0,R$ 0,R$ 0,R$ 0,R$ 0,R$ 0,R$ 0,R$ 0,R$ 0,R$ 0
2023,61,Aquisição de Imóveis,R$ 10000,R$ 0,R$ 0,R$ 0,R$ 0,R$ 0,R$ 0,R$ 0,R$ 0,R$ 0,R$ 0,R$ 0,R$ 0,R$ 0
2023,61,Aquisição de Imóveis,R$ 11000,R$ 0,R$ 0,R$ 0,R$ 0,R$ 0,R$ 0,R$ 0,R$ 0,R$ 0,R$ 0,R$ 0,R$ 0,R$ 0
2023,92,Despesas de exercícios anteriores,R$ 0,R$ 0,R$ 0,R$ 0,R$ 0,R$ 0,R$ 0,R$ 0,R$ 0,R$ 0,R$ 0,R$ 0,R$ 0,R$ 0
2023,93,Indenizações e restituições,R$ 4000,R$ 0,R$ 0,R$ 0,R$ 0,R$ 0,R$ 0,R$ 0,R$ 0,R$ 0,R$ 0,R$ 0,R$ 0,R$ 0
2023,INVERSÕES,FINANCEIRAS,R$ 10000,R$ 0,R$ 0,R$ 0,R$ 0,R$ 0,R$ 0,R$ 0,R$ 0,R$ 0,R$ 0,R$ 0,R$ 0,R$ 0
2023,INVESTIMENTO,,R$ 68000,R$ 0,R$ 0,R$ 0,R$ 0,R$ 0,R$ 0,R$ 0,R$ 0,R$ 0,R$ 0,R$ 0,R$ 0,R$ 0
2023,OUTRAS,OUTRAS DESPESAS CORRENTES,R$ 172000,R$ 0,R$ 0,R$ 0,R$ 0,R$ 0,R$ 0,R$ 0,R$ 0,R$ 0,R$ 0,R$ 0,R$ 0,R$ 0
2024,08,Outros Benefícios Assistenciais,R$ 1000,R$ 0,R$ 0,R$ 0,R$ 0,R$ 0,R$ 0,,,,,,,R$ 0
2024,14,Diárias,R$ 0,R$ 0,R$ 0,R$ 0,R$ 0,R$ 0,R$ 0,,,,,,,R$ 0
2024,30,Material de consumo,R$ 57000,R$ 0,R$ 0,R$ 0,R$ 0,R$ 0,R$ 0,,,,,,,R$ 0
2024,31,"Premiaçoes culturais, Art. Cient.Desp.",R$ 1000,R$ 0,R$ 0,R$ 0,R$ 0,R$ 0,R$ 0,,,,,,,R$ 0
2024,32,"Material, Bem ou Serv.Dist.Gratuita",R$ 0,R$ 0,R$ 0,R$ 0,R$ 0,R$ 0,R$ 0,,,,,,,R$ 0
2024,33,Passagens e despesas c/ locom.,R$ 0,R$ 0,R$ 0,R$ 0,R$ 0,R$ 0,R$ 0,,,,,,,R$ 0
2024,35,Serviço de Consultoria,R$ 3000,R$ 0,R$ 0,R$ 0,R$ 0,R$ 0,R$ 0,,,,,,,R$ 0
2024,36,Outros Serviços de Terc.P.Física,R$ 16000,R$ 0,R$ 0,R$ 0,R$ 0,R$ 0,R$ 0,,,,,,,R$ 0
2024,39,Outros Serviços de Terc. PJ,"R$ 81417,29",R$ 0,R$ 0,R$ 0,R$ 0,R$ 0,R$ 0,,,,,,,R$ 0
2024,39,Outros Serviços de Terceiros - Pessoa Jurídica,R$ 0,R$ 0,R$ 0,R$ 0,R$ 0,R$ 0,R$ 0,,,,,,,R$ 0
2024,40,Serviços de Tecnologia da Informação,R$ 0,R$ 0,R$ 0,R$ 0,R$ 0,R$ 0,R$ 0,,,,,,,R$ 0
2024,41,Contribuições,R$ 0,R$ 0,R$ 0,R$ 0,R$ 0,R$ 0,R$ 0,,,,,,,R$ 0
2024,42,Auxílios,R$ 0,R$ 0,R$ 0,R$ 0,R$ 0,R$ 0,R$ 0,,,,,,,R$ 0
2024,46,Auxílio alimentação,R$ 4000,R$ 0,R$ 0,R$ 0,R$ 0,R$ 0,R$ 0,,,,,,,R$ 0
2024,47,Obrigações Tributárias,R$ 1000,R$ 0,R$ 0,R$ 0,R$ 0,R$ 0,R$ 0,,,,,,,R$ 0
2024,51,Obras e Instalações,R$ 111000,R$ 0,R$ 0,R$ 0,R$ 0,R$ 0,R$ 0,,,,,,,R$ 0
2024,52,Equipamento e material permanente,R$ 85000,R$ 0,R$ 0,R$ 0,R$ 0,R$ 0,R$ 0,,,,,,,R$ 0
2024,61,Aquisição de Imóveis,R$ 10000,R$ 0,R$ 0,R$ 0,R$ 0,R$ 0,R$ 0,,,,,,,R$ 0
2024,61,Aquisição de Imóveis,R$ 11000,R$ 0,R$ 0,R$ 0,R$ 0,R$ 0,R$ 0,,,,,,,R$ 0
2024,92,Despesas de exercícios anteriores,R$ 0,R$ 0,R$ 0,R$ 0,R$ 0,R$ 0,R$ 0,,,,,,,R$ 0
2024,93,Indenizações e restituições,R$ 1000,R$ 0,R$ 0,R$ 0,R$ 0,R$ 0,R$ 0,,,,,,,R$ 0
2024,INVERSÕES,FINANCEIRAS,R$ 10000,R$ 0,R$ 0,R$ 0,R$ 0,R$ 0,R$ 0,,,,,,,R$ 0
2024,INVESTIMENTO,,R$ 207000,R$ 0,R$ 0,R$ 0,R$ 0,R$ 0,R$ 0,,,,,,,R$ 0
2024,OUTRAS,OUTRAS DESPESAS CORRENTES,"R$ 165417,29",R$ 0,R$ 0,R$ 0,R$ 0,R$ 0,R$ 0,,,,,,,R$ 0
